rainfall_24h_mm,rainfall_intensity_mmh,soil_moisture_pct,slope_degrees,borehole_displacement_mm,historical_events_count,population_density_sqkm,catchment_area_sqkm,road_closure_hours,severance_probability_pct,isolated_population,infrastructure_damage_index,time_to_failure_hours,debris_volume_m3
162.5,4.0,49.6,30.9,19.11,18,416,19.9,69.8,84.7,1155,96.6,4.0,22626
175.8,19.4,60.7,33.1,21.37,6,1791,12.5,72.0,100.0,3964,100.0,1.0,28000
154.8,34.5,78.7,43.4,10.91,18,1260,27.0,72.0,100.0,6154,100.0,1.0,28000
87.2,6.1,46.9,26.0,2.58,12,726,13.4,21.4,41.0,892,48.6,14.4,6951
181.8,9.4,56.3,61.6,15.82,11,289,9.3,72.0,100.0,390,100.0,1.0,28000
92.7,28.6,57.3,58.6,7.78,8,1136,24.5,72.0,94.7,4689,100.0,1.6,25148
187.5,36.6,41.8,28.4,16.9,13,1623,20.1,72.0,100.0,5893,100.0,1.0,28000
215.2,32.3,81.2,35.6,0.72,1,1138,31.2,72.0,100.0,6233,100.0,1.0,28000
67.8,17.6,42.3,60.1,25.76,11,2061,3.1,72.0,100.0,1282,100.0,1.0,27249
228.6,6.3,63.1,24.8,21.56,5,2006,30.4,72.0,100.0,11019,100.0,1.0,28000
173.3,30.8,57.5,48.9,3.61,15,555,9.8,72.0,99.7,997,100.0,1.0,27631
37.7,5.6,34.0,35.2,8.16,16,937,18.4,25.2,47.3,1498,44.7,13.9,7778
45.3,28.7,54.7,38.4,1.99,4,308,14.4,36.8,58.1,363,60.5,10.4,11292
84.9,12.7,91.1,39.7,15.63,2,120,31.1,71.2,92.3,486,92.2,3.6,22500
37.6,17.8,95.1,32.6,13.01,14,2053,7.1,58.4,70.4,1878,77.5,8.5,14116
150.6,22.6,86.6,28.3,2.7,6,340,20.1,64.1,85.8,903,92.5,4.5,19991
158.2,19.3,69.4,42.9,6.12,11,1037,10.3,72.0,90.0,1713,100.0,4.2,22599
158.5,25.0,38.4,43.5,4.14,12,341,28.4,68.6,87.2,1653,96.0,4.5,23259
165.6,3.3,84.3,34.0,26.32,5,1143,5.9,72.0,100.0,1122,100.0,1.0,28000
161.4,13.3,63.3,58.2,3.04,14,1193,3.8,72.0,95.9,974,100.0,1.9,23834
145.6,7.4,92.5,49.6,0.24,12,666,15.2,66.8,80.1,1632,95.4,3.5,19951
171.6,29.0,54.6,44.4,27.28,5,1029,28.0,72.0,100.0,5338,100.0,1.0,28000
225.1,34.3,87.3,54.4,3.17,4,1626,28.2,72.0,100.0,8380,100.0,1.0,28000
73.9,3.9,44.4,35.1,27.09,9,1498,21.4,65.2,78.9,4567,89.2,4.9,19111
63.4,40.5,49.0,26.3,20.53,11,1847,20.4,69.7,88.6,6039,91.3,4.8,21405
224.0,24.0,78.0,51.7,10.52,3,1412,20.9,72.0,100.0,5471,100.0,1.0,28000
174.9,24.6,44.3,48.6,3.02,6,1292,14.5,72.0,100.0,3256,100.0,2.6,24433
120.0,29.3,64.7,53.7,20.74,3,1222,17.7,72.0,100.0,4020,100.0,1.0,28000
67.8,4.0,47.7,41.0,2.5,14,856,23.7,25.5,47.6,1597,53.7,14.2,9808
215.4,33.4,46.0,54.2,13.28,18,1080,29.6,72.0,100.0,5740,100.0,1.0,28000
187.4,20.3,84.2,57.7,25.44,15,711,24.4,72.0,100.0,3021,100.0,1.0,28000
159.8,13.7,37.0,33.4,1.35,18,390,6.6,54.1,66.6,391,69.6,8.1,13454
114.4,11.1,58.9,58.2,19.63,13,2013,2.7,72.0,100.0,1119,100.0,1.0,27275
142.4,26.5,46.1,30.8,1.3,11,1716,23.9,59.0,77.9,5943,78.5,8.7,16895
167.5,6.3,59.4,56.7,1.11,11,926,15.9,72.0,88.0,2243,99.7,3.7,22103
126.1,32.2,35.3,60.1,0.37,2,187,30.5,71.4,88.7,771,94.0,3.9,24602
71.9,30.3,81.1,28.7,21.07,4,730,31.0,72.0,88.9,3546,100.0,4.5,25045
178.7,6.0,76.2,47.1,3.11,4,228,12.7,72.0,91.2,477,95.9,4.5,22574
47.7,40.5,72.7,55.1,12.48,17,1166,20.7,72.0,100.0,4330,100.0,1.7,26888
77.8,39.5,49.9,40.0,16.17,13,1437,3.3,72.0,98.7,727,100.0,2.4,22493
175.8,13.8,32.6,59.9,2.91,16,1044,22.9,72.0,98.4,4351,98.3,1.6,25602
90.8,25.7,62.3,43.2,21.01,11,1501,23.2,72.0,97.7,5972,100.0,1.0,27123
188.9,10.2,45.8,41.4,27.36,17,1219,31.4,72.0,100.0,6834,100.0,1.0,28000
34.8,5.1,50.7,59.8,21.2,4,110,19.4,67.1,85.2,201,86.1,6.2,20508
201.8,18.6,36.7,47.2,0.68,10,408,31.8,72.0,90.4,2153,100.0,2.0,25794
121.9,20.3,87.1,61.6,2.52,4,911,21.0,72.0,97.1,3239,100.0,1.0,26539
173.2,21.3,34.1,33.5,3.45,3,1016,29.8,64.2,84.7,4680,90.4,5.6,20222
164.2,38.4,84.9,24.9,1.3,10,1858,6.2,72.0,96.0,2167,99.3,3.0,21882
33.6,19.8,52.6,32.0,3.85,1,1163,19.5,24.4,52.6,2154,51.7,12.3,9513
118.7,34.8,94.0,40.8,9.33,4,718,12.2,72.0,100.0,1754,100.0,1.0,27024
92.6,15.6,94.1,38.2,27.67,18,1952,14.7,72.0,100.0,5267,100.0,1.0,28000
143.1,39.2,60.0,49.9,3.9,8,708,11.7,72.0,98.0,1351,100.0,1.0,27547
164.3,9.0,91.7,33.7,11.93,16,1994,9.7,72.0,97.0,3545,100.0,3.6,24029
84.4,33.8,58.6,59.4,23.07,10,1282,27.2,72.0,100.0,6422,100.0,1.0,28000
189.0,17.7,91.7,56.8,7.07,13,1016,27.8,72.0,100.0,5073,100.0,1.0,28000
195.4,28.4,41.7,60.6,3.86,11,471,28.3,72.0,100.0,2382,100.0,1.0,28000
58.2,21.3,94.0,35.5,18.37,11,1616,30.6,72.0,90.1,8014,94.2,4.5,22864
172.1,14.2,46.6,25.6,21.41,4,1877,7.4,72.0,96.8,2349,100.0,1.4,24585
77.5,19.1,75.6,29.2,2.48,13,1046,17.2,42.9,60.9,2027,63.0,11.1,11957
125.0,14.2,67.0,25.0,27.66,10,1797,22.9,72.0,98.7,7510,100.0,1.0,26450
102.2,14.5,76.8,22.9,11.38,1,260,29.4,56.6,74.6,1187,78.6,7.2,17008
72.1,10.4,48.0,52.2,19.22,5,457,29.2,67.7,88.7,2106,92.8,5.3,21911
88.4,32.2,43.2,27.3,27.22,17,2115,29.4,72.0,100.0,11322,100.0,3.2,26719
97.8,7.5,93.6,27.6,24.15,13,1558,5.2,71.7,89.9,1160,95.2,4.4,20841
106.9,27.9,55.8,49.0,17.54,18,1403,29.5,72.0,100.0,7579,100.0,1.0,28000
55.1,39.9,51.5,41.7,3.56,5,1651,15.9,57.7,75.6,3750,77.1,8.3,15512
114.2,6.9,63.3,38.3,1.4,12,949,15.6,48.7,67.7,1643,67.9,10.2,12554
102.1,18.5,44.1,26.9,13.0,7,147,4.0,57.1,69.2,188,72.5,9.1,13623
151.1,34.7,46.9,53.0,16.89,9,652,31.6,72.0,100.0,3552,100.0,1.0,28000
194.5,26.0,33.0,32.6,1.74,4,320,16.5,69.6,90.9,707,92.8,5.8,20615
193.4,36.8,65.4,40.3,2.17,16,1705,15.1,72.0,100.0,4611,100.0,1.0,28000
52.1,27.3,69.5,50.5,2.43,10,1918,17.4,58.5,73.2,4243,79.9,8.6,16170
211.1,19.8,88.8,38.6,11.47,4,1340,15.1,72.0,100.0,3503,100.0,1.0,28000
45.0,6.8,79.3,54.5,16.63,18,1410,22.3,68.8,83.5,4902,88.8,6.3,20155
86.8,15.2,38.6,42.3,1.98,4,1494,27.4,35.5,57.6,4273,65.7,11.8,13051
201.0,26.9,73.1,23.1,23.31,9,178,7.8,72.0,100.0,185,100.0,1.0,28000
111.2,8.5,72.5,23.2,6.42,14,1918,12.6,47.5,60.4,2738,66.3,8.9,11338
58.8,27.1,75.1,32.9,13.86,15,1756,10.6,59.5,82.7,2742,82.1,6.7,17261
168.4,4.8,57.3,46.0,1.28,7,622,25.0,60.1,77.6,2170,84.2,5.0,19213
74.5,24.8,74.8,36.2,2.99,14,136,16.1,50.5,63.3,221,71.4,9.1,13925
112.1,40.7,43.0,59.9,19.46,12,420,15.4,72.0,100.0,1124,100.0,1.0,28000
72.6,33.4,36.9,47.3,5.83,12,1498,24.0,61.5,81.1,5142,78.2,5.8,18108
188.4,28.6,43.3,52.9,21.25,15,1383,28.0,72.0,100.0,6797,100.0,1.0,28000
37.1,22.8,51.9,40.1,3.34,3,429,20.6,32.0,57.1,930,63.2,12.5,11190
199.1,28.4,52.6,41.0,0.34,4,1466,31.5,72.0,94.1,7637,100.0,3.3,27523
156.1,17.2,90.7,37.5,19.17,2,1430,4.4,72.0,100.0,1046,100.0,1.0,28000
212.8,16.0,69.3,27.7,3.87,13,588,20.1,72.0,99.9,2075,100.0,3.8,24391
203.2,31.8,75.9,43.1,12.14,12,134,13.2,72.0,100.0,497,100.0,1.0,28000
41.6,35.9,38.5,52.8,24.8,2,1439,28.4,72.0,100.0,7217,100.0,1.3,28000
219.1,31.1,34.8,36.6,27.16,10,1898,9.4,72.0,100.0,3325,100.0,1.0,28000
147.6,20.2,81.2,53.1,12.01,6,877,26.1,72.0,100.0,4176,100.0,1.0,28000
206.9,36.2,50.2,52.5,3.63,5,1851,5.2,72.0,100.0,1886,100.0,1.0,28000
105.4,18.1,37.2,31.0,0.49,11,658,6.6,32.8,52.7,490,54.9,12.3,9033
26.1,6.1,48.4,55.4,20.5,17,1793,5.8,60.4,76.8,1256,83.2,7.1,16572
48.8,38.3,70.2,22.7,7.15,5,1253,15.2,49.7,69.3,2342,73.5,7.6,14210
39.6,23.5,64.5,61.5,11.24,16,238,21.3,70.0,95.4,677,97.8,3.5,22533
160.1,33.1,79.1,35.3,2.23,6,1963,31.4,72.0,95.4,10438,100.0,3.9,25677
68.3,33.9,88.7,34.6,1.65,18,1999,10.0,54.5,76.7,2702,80.8,8.6,14982
51.8,17.4,88.9,51.7,11.13,6,2092,22.9,69.3,83.9,7141,86.4,4.7,20882
238.9,10.0,50.8,26.1,1.25,15,1805,7.4,71.3,89.0,2230,99.1,4.3,20671
162.5,33.9,35.7,48.8,14.61,6,187,6.7,72.0,100.0,39,100.0,1.0,28000
107.3,25.1,70.7,49.2,10.73,3,623,18.1,72.0,95.1,1830,98.2,3.2,24736
108.2,24.9,48.8,32.4,27.9,10,2071,8.4,72.0,98.6,2956,100.0,2.5,26670
233.0,41.5,74.7,50.4,8.48,10,705,23.5,72.0,100.0,3099,100.0,1.0,28000
54.9,33.8,33.7,44.2,3.23,18,591,20.6,49.2,61.9,1556,73.0,9.1,14363
202.0,5.9,94.2,47.7,19.2,12,585,28.4,72.0,100.0,2863,100.0,1.0,28000
36.9,7.8,41.8,28.6,2.87,12,2185,28.9,15.5,39.9,4589,38.3,14.9,7089
139.7,22.6,42.8,59.7,2.67,11,228,26.8,72.0,88.4,1028,100.0,3.4,25032
114.6,27.9,63.9,47.1,3.83,16,1063,26.2,67.8,89.2,4300,87.7,4.4,21910
68.9,26.7,52.0,50.7,24.17,13,595,24.9,72.0,100.0,2563,100.0,1.0,28000
35.9,39.9,87.3,38.7,25.31,11,1340,8.1,72.0,100.0,1940,100.0,1.0,27988
109.5,20.8,47.4,45.3,1.2,16,1230,18.3,54.3,76.0,3232,78.3,8.7,15381
111.1,25.2,44.5,44.1,2.07,18,1205,26.8,58.1,76.3,4286,75.2,6.9,17928
144.9,17.3,41.2,46.1,1.61,2,621,23.6,61.2,82.4,2033,87.3,5.3,18862
93.5,18.3,71.5,55.7,14.45,17,2066,23.4,72.0,96.8,8370,100.0,3.3,26625
196.3,31.3,76.0,23.1,27.09,8,270,19.7,72.0,100.0,1005,100.0,1.0,28000
31.8,40.0,39.0,22.8,0.69,7,1740,17.3,26.2,50.7,2886,54.5,13.6,8858
145.6,41.9,62.6,37.1,13.14,18,1462,18.6,72.0,100.0,4967,100.0,1.0,28000
230.8,13.9,51.1,59.7,21.71,7,2062,11.9,72.0,100.0,4534,100.0,1.0,28000
106.6,41.2,84.4,60.2,8.49,10,383,12.7,72.0,100.0,867,100.0,1.0,28000
174.7,8.4,71.4,45.5,2.71,17,984,21.3,70.9,84.1,3259,90.8,4.8,21914
143.3,39.2,58.0,59.4,13.63,7,1236,12.0,72.0,100.0,2505,100.0,1.0,28000
226.4,38.6,43.2,57.3,3.69,13,2089,8.0,72.0,100.0,2923,100.0,1.0,28000
224.6,16.1,61.1,47.7,24.95,5,2125,16.3,72.0,100.0,6099,100.0,1.0,28000
183.4,33.8,68.3,52.3,3.44,13,1811,17.7,72.0,100.0,5643,100.0,1.0,28000
81.1,12.2,80.2,60.2,2.92,1,1131,21.8,61.3,84.1,3579,84.7,5.4,19407
217.5,30.4,51.9,26.7,8.61,8,957,30.7,72.0,100.0,5483,100.0,1.0,28000
187.8,34.3,84.8,52.5,16.88,3,1889,18.1,72.0,100.0,5999,100.0,1.0,28000
140.4,9.4,86.7,39.7,20.22,16,432,29.0,72.0,100.0,2107,100.0,1.0,28000
169.6,15.0,33.4,32.2,0.95,3,245,15.0,54.6,73.8,312,79.5,9.5,14917
86.7,10.0,40.7,47.7,27.0,12,1626,15.7,72.0,100.0,4427,100.0,3.7,23894
210.0,7.6,95.5,37.7,3.92,1,153,31.4,72.0,100.0,834,100.0,1.0,28000
58.4,10.4,88.0,52.6,2.67,1,1045,8.6,50.9,65.9,1105,76.8,6.9,14124
111.5,12.1,45.9,56.5,2.07,10,1019,26.6,57.9,79.3,3908,82.7,6.4,17917
55.8,28.7,46.1,34.0,3.8,6,1809,18.9,33.4,54.2,3392,61.9,10.8,11924
112.8,14.7,43.8,43.5,0.98,5,1956,29.5,52.4,66.7,6950,66.2,8.5,14717
164.0,39.0,86.2,25.7,5.74,9,1604,22.4,72.0,100.0,6342,100.0,2.0,27387
128.1,36.9,53.3,60.3,3.75,4,2021,29.5,72.0,100.0,10690,100.0,1.0,28000
125.2,28.3,51.7,36.4,13.32,16,1371,29.5,72.0,91.0,6649,95.2,2.3,24320
226.0,25.6,58.7,28.1,1.58,8,2105,18.7,72.0,100.0,7190,100.0,2.4,26456
124.1,31.6,54.5,27.6,5.56,18,300,18.0,57.9,82.2,926,78.2,5.0,17348
160.6,5.7,41.7,30.7,2.16,16,2058,3.0,48.2,65.3,532,71.0,9.6,11279
133.0,30.2,59.6,59.6,3.68,17,669,9.6,72.0,100.0,1097,100.0,1.0,26802
123.7,12.5,76.6,34.0,2.72,2,442,14.5,53.6,69.3,854,76.9,6.9,14950
163.7,15.9,94.5,61.0,25.78,8,925,29.1,72.0,100.0,4753,100.0,1.0,28000
141.8,28.7,43.5,56.0,0.91,5,1691,29.9,72.0,90.9,8299,100.0,3.7,24895
107.5,31.9,82.6,49.6,3.01,12,279,5.4,72.0,90.2,286,100.0,3.4,22368
95.2,27.7,82.1,40.0,2.26,13,1828,8.0,60.4,79.9,2212,81.4,5.6,16340
82.6,17.8,82.2,28.2,1.51,3,81,30.3,36.0,59.2,102,59.2,10.4,13244
135.2,7.0,37.7,44.2,22.07,13,110,11.1,72.0,94.4,367,100.0,4.0,23708
61.5,17.8,40.9,34.0,2.24,14,1190,14.9,24.3,49.8,1490,50.4,13.2,8792
67.0,7.2,51.5,60.0,2.52,11,1863,12.4,53.0,71.2,3150,67.7,8.4,13697
68.2,15.3,93.7,60.7,2.81,16,1052,12.1,68.4,82.1,1827,94.0,4.2,19742
63.7,32.9,33.7,51.1,6.27,10,343,26.7,59.7,81.5,1343,83.8,5.8,18718
178.8,33.8,36.7,61.6,11.52,17,1773,18.5,72.0,100.0,6062,100.0,1.0,28000
190.3,28.6,54.7,47.9,3.94,13,1418,31.0,72.0,100.0,7815,100.0,1.0,28000
148.7,20.4,57.0,52.9,14.26,12,160,16.7,72.0,100.0,315,100.0,1.0,28000
98.8,33.6,65.4,35.9,2.92,15,1366,4.5,61.2,72.0,605,80.5,5.5,16025
224.9,31.9,65.0,44.1,1.76,15,1009,26.0,72.0,100.0,4785,100.0,1.0,28000
121.7,19.8,32.3,30.6,2.84,3,476,26.1,46.0,63.1,1289,62.4,10.5,13506
232.7,15.2,56.9,37.7,1.47,15,766,26.5,72.0,100.0,3699,100.0,1.0,27367
90.7,10.1,76.4,42.4,4.29,13,1792,8.0,53.4,70.6,1879,78.1,8.7,13320
55.2,15.3,60.9,24.1,0.14,5,859,26.5,21.3,47.7,1952,46.5,14.3,8551
130.1,6.2,34.0,52.4,1.17,18,1242,7.5,54.6,69.5,1271,74.6,7.2,13288
191.6,35.1,55.5,54.9,2.9,18,955,31.7,72.0,100.0,5549,100.0,1.0,28000
99.9,34.9,60.1,61.8,7.02,12,1813,7.4,72.0,99.7,2290,100.0,1.0,26591
140.8,15.6,77.1,33.6,3.45,4,615,30.9,63.2,81.8,2995,86.7,5.4,19555
78.7,30.7,85.0,52.5,13.96,9,1756,13.6,72.0,99.0,4363,100.0,1.5,27713
213.6,20.7,63.2,45.3,23.8,3,1937,21.2,72.0,100.0,7509,100.0,1.0,28000
131.4,15.6,50.1,43.9,3.42,11,258,3.9,61.2,78.3,0,85.6,5.8,15411
238.2,19.7,95.7,58.4,8.8,9,442,21.8,72.0,100.0,1895,100.0,1.0,28000
175.4,12.1,74.0,50.1,1.96,5,986,17.8,72.0,94.8,2932,97.3,3.7,24485
127.7,11.9,37.7,54.2,1.53,10,621,13.8,60.8,79.8,1287,82.3,5.7,16444
156.2,9.4,54.5,30.5,25.8,15,949,5.1,72.0,97.7,886,100.0,2.5,25679
55.1,13.8,37.4,44.1,17.21,1,1295,8.6,54.6,75.1,1462,79.6,8.4,15226
76.5,18.0,47.4,47.5,3.57,1,1539,30.1,52.6,62.5,5238,69.6,9.6,15538
230.2,33.0,33.1,24.7,0.26,2,1690,17.4,72.0,97.9,5148,100.0,1.2,24656
157.5,13.8,51.8,42.5,3.25,18,1398,14.0,66.0,83.5,3014,82.4,6.3,18693
207.0,5.3,37.5,39.4,17.24,10,779,6.0,72.0,100.0,706,100.0,1.0,27341
180.0,9.5,40.1,53.2,3.56,1,1432,26.3,71.2,89.1,6125,98.0,2.2,23814
102.4,22.5,68.3,36.7,0.5,4,995,24.4,54.1,62.7,2544,68.2,8.2,15539
63.5,40.5,34.3,54.1,18.53,8,1378,9.8,72.0,100.0,2561,100.0,1.0,26757
36.3,11.7,65.0,23.8,24.62,10,1332,12.2,51.5,72.1,1989,76.3,7.4,14747
124.7,26.1,63.6,52.9,3.61,8,676,2.7,72.0,91.7,239,100.0,4.4,21763
25.3,28.6,86.3,51.1,2.17,8,1779,17.0,59.9,69.0,3840,74.6,8.7,16486
136.7,30.3,55.8,61.0,0.47,5,1675,4.7,72.0,100.0,1602,100.0,1.0,24320
197.2,30.3,79.1,34.7,0.39,7,617,25.5,72.0,100.0,2697,100.0,1.0,27985
232.4,11.1,51.7,32.6,0.71,10,225,8.8,71.9,96.4,428,100.0,3.1,21480
89.3,35.0,43.1,60.1,15.79,18,1083,5.3,72.0,100.0,881,100.0,1.0,28000
67.6,18.6,75.9,59.5,2.39,3,149,31.9,63.7,77.0,782,81.3,7.0,20429
51.3,39.7,35.2,59.0,20.42,16,180,13.8,72.0,100.0,610,100.0,1.0,28000
157.0,27.1,73.4,42.0,13.67,3,1205,13.8,72.0,100.0,3112,100.0,1.0,28000
29.2,17.9,77.7,41.2,9.96,17,1377,14.0,50.9,64.9,2139,76.7,9.5,13603
238.2,23.6,81.1,62.0,3.25,8,1151,18.2,72.0,100.0,3876,100.0,1.0,28000
108.5,39.5,95.5,28.9,1.34,12,175,23.3,67.0,82.8,464,94.1,6.1,20901
233.6,24.1,43.2,23.5,2.45,1,2017,2.5,72.0,100.0,759,100.0,3.8,22961
94.6,3.9,69.5,58.7,23.78,12,357,13.5,72.0,100.0,707,100.0,1.0,27643
229.0,33.9,93.5,48.0,3.88,12,974,22.1,72.0,100.0,3968,100.0,1.0,28000
175.9,25.3,86.4,52.8,5.51,11,964,21.4,72.0,100.0,3645,100.0,1.0,28000
161.8,40.6,84.6,48.8,9.73,1,1146,8.7,72.0,100.0,1909,100.0,1.0,28000
115.2,9.5,58.5,57.3,1.56,16,983,7.3,63.0,73.5,867,81.4,7.8,16163
61.6,17.6,78.8,43.9,3.06,16,186,15.2,51.5,69.3,326,66.9,8.4,14070
113.0,24.6,91.2,43.6,8.68,4,263,14.1,72.0,96.0,462,96.1,1.4,24112
159.4,21.7,38.2,30.3,27.37,16,533,11.6,72.0,100.0,1177,100.0,1.0,28000
215.4,17.4,60.5,32.5,6.72,9,312,7.0,72.0,100.0,460,100.0,1.1,25811
73.9,5.4,56.8,42.9,19.39,16,1025,16.5,63.5,73.8,2332,83.5,7.6,17931
170.7,27.2,39.7,52.3,3.94,7,849,6.2,72.0,99.9,920,100.0,1.8,25492
80.4,38.5,90.5,24.7,1.65,11,1191,17.8,53.3,78.5,3075,78.7,8.4,15687
57.2,25.1,69.3,60.6,0.51,4,1231,28.1,63.9,84.0,5135,85.6,6.5,19274
62.0,18.7,71.6,49.2,11.38,11,1033,4.0,63.1,82.1,559,85.7,6.5,17361
206.2,36.5,75.8,60.9,1.27,15,1374,10.4,72.0,100.0,2447,100.0,1.0,28000
188.3,36.8,84.5,42.6,1.31,17,1712,6.5,72.0,100.0,1814,100.0,1.0,28000
78.6,20.8,90.8,50.2,3.31,17,1685,21.2,61.2,77.4,4925,87.6,4.7,19666
151.2,16.6,42.5,57.8,19.44,10,172,13.9,72.0,100.0,616,100.0,1.0,28000
82.9,19.0,33.3,53.2,0.74,5,769,20.2,48.7,60.7,1819,68.6,10.5,14153
116.1,17.7,54.3,32.1,19.12,13,479,2.7,72.0,94.7,356,94.6,4.4,19601
172.1,21.8,53.5,33.1,1.18,10,831,6.9,66.7,85.4,1003,90.1,5.9,17901
171.4,31.1,73.9,61.9,1.73,13,204,19.7,72.0,100.0,660,100.0,1.0,28000
127.3,39.7,54.9,34.0,2.66,18,801,11.2,68.3,84.4,1452,90.4,6.3,19625
218.4,28.5,46.2,30.9,12.06,11,1582,10.2,72.0,100.0,2892,100.0,1.0,28000
40.3,37.7,64.0,56.7,1.26,2,677,6.6,62.6,77.4,650,89.8,5.8,17132
178.9,33.4,63.2,47.2,2.57,1,1911,10.6,72.0,100.0,3751,100.0,1.0,28000
157.1,27.7,57.8,60.6,0.25,7,1588,30.5,72.0,100.0,8730,100.0,1.0,28000
73.6,37.2,52.0,26.1,8.92,3,247,11.3,56.8,70.1,390,75.3,8.9,15323
98.7,38.2,55.0,29.5,25.75,13,138,9.2,72.0,100.0,322,100.0,1.0,27807
164.9,4.5,88.1,32.2,1.84,2,502,21.8,60.8,71.5,1375,80.6,6.9,17747
57.9,30.1,72.3,34.0,18.72,9,621,14.9,70.4,93.2,1599,91.4,5.1,21106
155.9,33.3,85.2,60.9,1.7,6,221,18.7,72.0,100.0,736,100.0,1.0,28000
48.7,25.4,63.6,60.0,2.56,4,1108,21.5,64.0,78.3,3263,79.0,7.3,18597
208.2,17.0,75.3,39.0,3.42,2,99,27.6,72.0,100.0,434,100.0,1.4,28000
45.0,34.8,43.7,38.0,7.98,13,2018,26.1,54.7,71.6,6633,75.8,7.1,16104
59.3,19.2,69.8,54.1,5.48,13,1528,20.5,62.1,81.8,4703,85.9,6.6,17665
215.8,20.2,36.1,48.2,3.49,17,977,31.3,72.0,100.0,5513,100.0,1.0,28000
78.4,16.5,75.3,37.4,15.85,2,107,21.5,67.0,78.7,466,91.4,4.2,19752
76.8,40.8,35.2,30.9,11.59,8,382,16.0,60.9,82.6,1051,83.1,5.2,17676
165.5,7.0,58.4,44.3,0.45,10,2142,19.1,60.6,80.4,5857,86.4,7.4,18182
96.4,32.9,70.4,50.7,1.86,4,968,2.6,70.3,85.8,508,93.1,4.1,18968
217.8,22.2,84.6,51.7,7.49,7,828,6.1,72.0,100.0,1038,100.0,1.0,28000
35.0,27.7,75.0,26.9,13.08,17,611,30.9,54.7,64.3,2206,73.7,8.6,16803
192.9,38.5,76.3,28.9,3.35,11,2124,28.5,72.0,100.0,10973,100.0,1.0,28000
88.2,34.4,40.8,46.1,14.59,18,1345,23.5,72.0,99.1,5518,100.0,2.4,24220
169.6,41.3,73.6,60.3,19.59,11,532,24.9,72.0,100.0,2561,100.0,1.0,28000
139.8,37.2,59.0,22.5,1.59,2,291,8.4,58.8,81.5,273,80.7,7.5,16771
88.5,32.4,34.1,54.6,3.49,18,978,24.4,62.9,83.1,3683,90.2,5.0,20053
224.2,18.1,93.2,61.0,2.25,1,1089,8.5,72.0,100.0,1643,100.0,1.0,28000
104.1,25.9,79.3,29.9,5.82,15,786,31.5,62.2,72.0,3302,77.8,5.4,18689
81.8,9.3,86.1,22.2,26.28,2,689,29.9,69.8,87.4,3291,94.7,4.1,22293
143.3,5.8,77.3,43.0,14.82,17,712,14.8,72.0,95.9,1707,98.2,2.2,23834
72.0,32.4,66.0,61.9,27.48,1,529,22.2,72.0,100.0,2159,100.0,1.0,28000
94.0,38.7,92.5,37.4,8.28,17,1595,17.7,72.0,95.5,4771,100.0,2.1,23924
45.6,40.9,81.5,43.3,6.3,7,1797,27.2,68.8,81.3,7304,92.2,4.9,21435
40.5,29.8,33.5,50.7,0.39,6,1091,19.0,44.9,63.2,2261,64.9,10.5,12528
28.6,29.3,66.2,47.7,21.29,2,357,13.1,72.0,94.6,870,100.0,2.2,23733
107.0,35.1,34.0,28.3,3.01,18,1268,30.8,52.7,64.0,4664,75.3,9.4,15732
229.1,24.6,67.5,26.9,2.43,18,408,11.5,72.0,100.0,782,100.0,1.5,26675
59.6,11.6,85.4,29.8,3.22,2,1949,21.5,31.4,49.6,3641,54.9,12.0,11085
101.8,29.2,47.0,33.4,0.85,16,1905,12.2,51.0,68.1,2709,70.8,10.1,13311
61.3,15.2,82.3,50.5,8.11,12,610,22.5,61.2,77.0,1880,86.4,6.3,18175
163.8,6.2,50.0,55.1,5.9,3,368,28.8,72.0,96.2,1960,98.2,4.2,23983
32.9,13.2,89.2,43.6,4.59,13,974,28.8,49.5,64.4,3105,67.1,8.6,13951
27.3,12.3,93.7,61.3,21.32,5,1887,7.2,72.0,100.0,2594,100.0,2.1,25899
33.7,32.7,46.8,32.6,2.71,17,1539,13.9,43.4,60.7,2153,60.4,10.4,10437
161.2,13.7,79.5,45.1,10.86,13,1556,19.8,72.0,100.0,5446,100.0,1.0,27489
200.7,16.5,82.7,57.5,3.54,15,738,9.3,72.0,100.0,1095,100.0,1.0,28000
167.1,19.2,53.1,26.5,13.67,6,1743,3.2,72.0,86.7,734,98.9,2.0,21279
37.0,13.1,43.5,60.3,16.0,1,1221,30.4,65.5,79.4,5293,87.5,4.7,20740
55.7,25.7,81.1,46.9,5.11,11,1917,20.1,59.2,72.4,4874,77.3,6.7,17991
172.1,35.2,70.8,29.1,16.99,18,2121,24.7,72.0,100.0,9590,100.0,1.0,28000
170.9,19.8,58.9,57.0,12.3,16,1621,12.8,72.0,100.0,3869,100.0,1.0,28000
189.7,38.5,37.4,45.9,7.59,1,89,19.6,72.0,100.0,375,100.0,1.0,28000
58.3,28.4,48.2,56.2,10.56,9,1687,24.8,70.9,86.2,6484,91.1,4.7,21649
90.9,16.4,77.2,51.4,18.63,8,1889,25.6,72.0,100.0,8707,100.0,2.3,27711
172.2,5.0,56.9,47.4,23.14,16,1843,5.1,72.0,100.0,1735,100.0,1.0,28000
166.1,14.2,93.7,24.3,5.32,16,1858,2.8,70.0,89.7,847,87.4,5.7,18525
175.2,27.0,75.1,36.4,27.33,3,1190,25.5,72.0,100.0,5496,100.0,1.0,28000
44.4,14.1,85.1,58.6,3.86,9,986,20.4,61.4,72.7,2662,78.4,6.7,16960
40.6,14.5,92.6,54.1,24.59,9,1873,31.0,72.0,100.0,10554,100.0,1.0,28000
151.2,4.1,39.4,24.7,27.84,8,1353,14.7,72.0,91.4,3352,96.3,2.5,22926
186.0,16.3,67.5,29.1,0.95,9,808,30.4,67.5,85.1,3762,84.8,6.2,21171
69.5,10.9,48.0,46.7,0.52,3,2077,20.6,31.4,58.9,4353,58.8,11.9,10883
236.9,38.0,87.6,41.6,25.69,9,1689,9.1,72.0,100.0,2886,100.0,1.0,28000
109.6,29.8,43.2,61.1,13.15,1,108,22.4,72.0,100.0,380,100.0,1.0,28000
82.9,40.4,54.0,29.4,12.03,12,1555,27.7,64.1,81.3,6155,89.7,4.4,20618
83.0,12.2,59.7,37.2,3.84,5,1997,26.3,34.6,56.1,5501,67.0,10.6,12941
193.8,14.7,68.0,44.7,2.79,2,942,26.5,72.0,97.9,4378,100.0,1.6,26554
225.3,13.1,33.3,26.8,26.99,7,774,31.4,72.0,100.0,4378,100.0,1.0,28000
156.9,21.1,93.2,56.7,26.04,14,1717,27.5,72.0,100.0,8390,100.0,1.0,28000
163.6,13.6,60.5,56.5,2.39,15,1755,7.4,72.0,99.9,2229,98.8,3.3,23362
70.3,18.5,38.1,59.5,1.98,13,400,5.6,52.0,73.0,466,74.7,7.2,14068
120.3,7.9,65.7,28.8,1.49,11,2010,16.3,46.2,63.2,3746,58.6,12.2,11245
152.0,20.8,79.9,57.1,18.09,18,1328,29.3,72.0,100.0,6839,100.0,1.0,28000
27.3,23.4,80.5,27.5,2.19,16,2014,11.3,30.3,55.5,2312,58.3,12.5,8608
214.7,20.0,48.0,50.6,23.28,8,1137,4.8,72.0,100.0,1102,100.0,1.0,28000
164.4,23.7,49.2,29.5,0.63,4,1925,20.7,60.2,74.3,5204,76.8,5.4,17588
65.0,7.0,49.2,50.6,6.9,5,120,17.1,47.2,62.6,351,73.3,9.5,13245
96.0,35.9,92.9,24.2,2.46,16,803,8.2,61.3,81.1,1092,77.7,7.6,15838
190.8,20.3,79.2,23.3,21.7,17,913,16.4,72.0,100.0,2624,100.0,1.0,28000
137.0,12.9,72.9,29.9,24.25,7,522,9.5,72.0,100.0,1010,100.0,1.0,25660
233.3,25.7,76.2,49.5,3.11,8,705,17.2,72.0,100.0,2370,100.0,1.0,28000
58.1,23.9,38.9,41.5,2.28,12,1856,24.1,32.7,52.8,4340,59.4,9.5,12243
145.2,24.2,63.4,44.7,9.4,15,1187,28.1,72.0,99.8,5855,100.0,1.8,27162
141.4,20.7,81.7,42.2,24.78,12,1038,12.0,72.0,100.0,2369,100.0,1.0,28000
58.1,14.0,58.2,34.9,2.67,2,591,7.8,25.9,46.3,260,50.3,12.8,8265
130.3,27.3,69.8,24.0,2.9,1,914,21.8,59.2,79.7,2845,80.4,6.9,17041
216.4,35.1,82.8,24.3,15.05,3,1304,4.8,72.0,100.0,967,100.0,1.0,28000
166.2,25.2,92.6,44.3,21.02,12,1938,23.2,72.0,100.0,8210,100.0,1.0,28000
139.8,26.4,91.7,58.1,27.91,12,1748,25.0,72.0,100.0,7909,100.0,1.0,28000
224.1,12.9,93.5,39.9,2.93,10,126,17.8,72.0,100.0,323,100.0,1.0,28000
201.7,29.9,49.7,44.1,25.96,5,446,3.6,72.0,100.0,235,100.0,1.0,28000
44.8,18.6,90.7,51.4,22.3,6,2059,26.9,72.0,100.0,10132,100.0,1.0,27945
148.9,6.1,35.6,52.8,3.29,14,553,28.2,62.0,75.5,2160,78.6,7.2,19002
90.5,4.6,66.6,28.0,6.57,2,1669,31.1,31.7,58.9,5339,58.5,12.4,11901
97.3,21.6,79.7,43.9,1.65,14,594,25.0,57.3,76.5,2002,81.9,7.0,18355
137.7,12.5,49.0,39.2,16.34,4,1754,15.0,71.7,89.0,4252,91.4,3.1,22485
157.5,41.6,60.3,27.8,3.29,7,1591,7.1,72.0,95.2,2031,95.4,3.7,21528
204.0,14.2,54.0,54.2,1.94,11,916,24.3,72.0,100.0,4106,100.0,1.1,28000
174.4,29.1,56.1,58.2,7.53,2,1223,8.4,72.0,100.0,1835,100.0,1.0,28000
167.5,38.6,55.1,26.3,3.55,13,1006,31.4,72.0,91.6,5369,96.8,3.8,23999
67.8,40.7,67.9,50.5,3.7,10,1426,17.0,67.0,90.9,4040,91.6,3.8,21565
235.4,13.8,36.0,32.3,4.0,1,1207,9.2,72.0,93.9,1731,100.0,2.7,23564
212.6,29.8,58.7,44.9,9.09,11,1899,18.5,72.0,100.0,6340,100.0,1.0,28000
176.6,23.4,40.7,61.8,4.49,6,1360,4.5,72.0,100.0,975,100.0,1.0,28000
93.5,40.9,93.5,34.1,23.1,9,682,25.5,72.0,100.0,3235,100.0,1.0,28000
74.6,12.1,76.0,36.4,13.61,17,1980,23.5,59.9,73.7,6169,76.0,6.3,16897
189.4,3.6,49.3,38.5,27.68,7,330,7.7,72.0,100.0,504,100.0,1.0,28000
116.9,33.3,70.9,55.0,11.34,18,217,17.9,72.0,100.0,516,100.0,1.0,28000
183.1,24.8,65.0,47.2,1.24,13,1307,25.3,72.0,98.3,5768,100.0,2.0,27838
124.7,28.2,37.8,42.0,2.38,18,614,14.1,57.3,75.7,1161,86.4,7.8,17350
44.4,15.6,73.5,50.5,2.96,3,527,23.3,47.4,67.9,1583,72.5,10.6,14392
59.4,24.5,34.8,28.8,3.5,5,724,28.1,28.9,47.2,1696,52.2,13.4,10520
159.7,7.6,40.4,30.1,7.46,15,2098,27.7,52.6,73.3,7820,74.5,8.0,16923
113.2,6.1,70.4,31.8,17.54,18,910,3.9,64.6,77.3,308,89.9,6.3,17448
89.2,38.9,35.1,38.7,2.72,18,786,31.0,55.4,76.5,3169,80.5,7.0,17886
201.4,32.6,86.0,24.6,3.86,9,1408,18.0,72.0,100.0,4606,100.0,1.3,28000
237.2,21.9,76.1,59.4,8.4,11,1123,18.0,72.0,100.0,3490,100.0,1.0,28000
130.9,10.0,71.0,50.3,0.54,1,1964,21.0,63.2,74.3,5635,88.5,6.1,18108
145.5,27.9,32.7,30.0,3.18,10,1289,17.4,54.4,72.7,3009,77.6,8.0,16470
31.3,9.8,53.2,35.5,25.69,2,616,16.7,60.6,77.2,1444,78.5,7.9,16546
184.7,35.6,51.2,51.0,2.19,7,1418,26.1,72.0,100.0,6849,100.0,1.0,28000
159.7,35.9,68.5,37.6,24.28,10,1348,23.4,72.0,100.0,5828,100.0,1.0,28000
137.9,9.8,55.9,23.5,0.46,17,162,26.1,40.6,62.5,411,60.9,12.2,11924
95.4,33.0,38.3,61.3,27.8,7,209,16.1,72.0,100.0,407,100.0,1.0,28000
43.7,21.2,35.0,42.8,9.09,10,919,12.0,36.2,59.8,1114,66.7,8.7,11810
83.8,3.6,71.9,42.6,1.47,11,1170,6.7,41.7,60.4,750,57.1,11.4,9710
120.4,8.1,62.1,49.0,0.31,14,1665,7.8,54.7,72.3,1824,77.4,8.4,13863
200.8,30.8,74.9,43.3,21.28,15,599,5.2,72.0,100.0,399,100.0,1.0,28000
126.2,40.0,41.2,57.8,1.52,6,1413,25.8,72.0,100.0,6374,100.0,1.5,26574
61.7,32.9,70.7,27.1,3.29,4,1394,18.9,37.0,59.1,2787,68.9,8.9,12943
59.2,21.8,36.2,30.3,12.36,14,1461,18.6,38.1,59.9,2761,71.0,10.1,12725
152.3,21.1,67.5,54.9,3.83,3,505,22.7,72.0,100.0,1994,100.0,1.0,26586
54.9,25.6,80.3,54.4,18.67,15,1253,14.0,72.0,100.0,3230,100.0,1.3,27190
90.5,39.8,59.8,61.3,0.45,1,2150,14.4,72.0,90.7,5002,100.0,1.4,23960
201.5,17.0,87.1,56.6,2.84,13,1363,23.5,72.0,100.0,5649,100.0,1.0,28000
206.3,17.1,58.7,33.5,3.95,1,353,21.6,72.0,90.5,1305,100.0,1.7,24196
198.3,36.5,89.2,49.8,17.64,15,2146,15.0,72.0,100.0,5684,100.0,1.0,28000
182.1,30.8,49.2,59.1,1.42,2,2039,23.3,72.0,100.0,8627,100.0,1.0,28000
236.5,33.4,61.8,25.1,2.93,16,379,22.7,72.0,100.0,1593,100.0,1.0,28000
122.6,38.3,68.7,35.3,3.91,10,1244,7.4,71.1,91.0,1429,96.7,3.5,20394
149.3,25.3,74.0,33.7,1.25,16,397,6.2,67.3,78.4,248,89.6,4.7,17988
184.4,26.5,90.2,51.6,10.67,6,1130,25.6,72.0,100.0,5217,100.0,1.0,28000
153.0,35.0,85.6,52.1,11.04,15,745,8.7,72.0,100.0,1223,100.0,1.0,28000
110.7,14.8,79.8,52.1,10.94,13,2003,10.2,72.0,95.6,3431,100.0,2.4,23149
139.0,40.3,38.2,43.3,3.39,9,1432,10.5,72.0,96.1,2634,97.5,3.9,21982
169.5,33.0,65.3,49.1,9.11,1,94,27.0,72.0,100.0,298,100.0,1.0,28000
66.5,3.9,37.9,59.5,23.48,4,551,5.0,72.0,92.5,564,98.0,4.5,20781
48.8,10.2,50.9,48.4,1.87,9,1808,22.9,32.1,56.8,4135,60.8,11.1,10559
108.5,41.8,48.5,54.5,0.37,7,1668,7.8,72.0,92.3,2269,95.0,3.8,22183
178.8,7.0,36.7,44.9,1.84,16,669,21.8,59.4,73.9,1896,81.1,5.6,18635
25.8,30.6,81.3,41.1,20.51,3,985,2.6,72.0,98.0,444,98.7,4.6,21186
171.6,18.6,72.5,60.4,2.19,11,389,27.3,72.0,100.0,1792,100.0,1.4,28000
89.3,18.2,38.8,49.6,24.84,15,836,6.6,72.0,96.3,993,100.0,1.0,24940
91.2,23.8,85.4,40.0,1.52,2,1443,25.7,55.3,69.5,4762,81.1,7.1,17600
213.0,8.8,69.1,59.0,0.65,1,1990,29.3,72.0,100.0,10554,100.0,1.0,28000
201.5,6.8,71.1,55.4,3.29,4,2096,20.1,72.0,100.0,7464,100.0,1.5,28000
111.4,7.7,75.8,43.8,3.86,7,246,20.0,53.4,70.9,484,76.3,8.3,16086
119.3,39.1,34.6,26.0,17.34,6,124,28.4,72.0,88.1,728,100.0,3.5,24464
174.1,33.9,62.5,27.1,1.16,15,1747,9.6,72.0,85.2,2610,96.6,4.4,20436
202.7,14.7,58.8,44.3,3.95,4,1542,28.0,72.0,100.0,7757,100.0,1.0,27113
49.2,8.8,86.0,58.5,4.89,2,281,21.5,57.4,72.7,724,82.8,7.9,16678
184.2,39.1,43.3,53.4,3.69,8,1881,20.0,72.0,100.0,6842,100.0,1.0,28000
46.1,31.8,87.7,37.0,1.94,16,282,28.8,55.2,65.2,935,72.4,7.4,16136
160.9,41.0,44.9,27.1,2.14,5,515,27.6,67.4,86.9,2160,96.4,4.8,22461
162.2,26.8,42.9,60.8,2.88,17,2063,27.9,72.0,100.0,10345,100.0,1.0,28000
78.3,19.9,46.2,59.1,25.63,1,1771,31.4,72.0,100.0,10117,100.0,1.0,28000
196.6,35.0,61.0,31.6,0.84,14,952,6.4,72.0,96.4,893,100.0,1.3,24529
209.5,32.1,33.6,40.2,24.54,13,817,25.8,72.0,100.0,3847,100.0,1.0,28000
96.6,4.3,59.3,32.8,15.42,7,391,20.8,56.7,69.1,1017,79.4,7.7,15188
107.3,21.1,34.6,36.7,19.88,18,898,6.6,70.8,86.6,983,96.2,4.9,20491
176.1,32.4,80.7,34.8,14.35,14,1195,4.1,72.0,100.0,882,100.0,1.0,28000
202.5,38.1,60.9,36.7,19.56,3,831,28.8,72.0,100.0,4467,100.0,1.0,28000
84.3,30.2,63.8,57.0,17.75,10,1766,31.1,72.0,100.0,9824,100.0,1.0,28000
38.5,37.0,46.9,59.9,11.82,11,1396,16.8,72.0,95.8,4063,98.9,3.2,23833
90.9,33.8,46.5,36.9,3.4,5,1506,10.9,56.1,78.1,2171,77.2,6.8,14605
177.2,38.3,82.8,28.5,3.98,5,1865,10.2,72.0,99.2,3210,100.0,1.0,26571
141.1,9.3,51.3,58.8,14.23,5,1936,29.9,72.0,98.8,10312,100.0,1.4,28000
217.6,40.8,80.3,61.8,22.49,15,1447,22.8,72.0,100.0,5794,100.0,1.0,28000
205.8,20.4,37.9,24.2,16.54,8,1198,8.3,72.0,98.8,1839,100.0,2.2,26723
130.5,26.5,64.7,24.2,11.43,14,1574,13.9,66.1,79.2,3042,89.5,5.2,19462
215.9,31.9,58.6,39.7,2.94,14,1756,6.6,72.0,100.0,1969,100.0,1.0,28000
39.2,40.4,80.4,25.5,25.65,14,776,18.9,72.0,100.0,2494,100.0,1.8,25528
34.1,35.2,85.4,34.2,13.24,1,70,7.0,65.8,80.5,125,84.0,6.0,17872
63.6,38.4,73.3,23.1,14.06,3,1541,19.6,66.2,82.6,4541,86.4,6.3,18866
135.2,25.4,86.1,28.5,1.35,5,1523,7.3,61.2,76.7,1699,82.6,5.6,16822
226.3,23.0,81.1,29.3,3.04,18,1381,28.2,72.0,100.0,6930,100.0,1.0,28000
149.7,35.1,32.8,42.7,1.99,11,727,5.5,68.5,84.1,480,97.4,4.6,20187
138.0,23.8,67.3,52.3,1.9,3,537,26.7,72.0,97.9,2451,96.9,4.2,24605
153.5,32.8,53.9,50.4,3.28,8,587,27.8,72.0,96.1,2672,100.0,1.0,27794
193.6,6.0,81.6,52.3,0.52,17,302,16.3,72.0,100.0,806,99.4,1.0,25123
154.4,25.9,44.8,48.8,0.67,9,1484,12.9,72.0,93.2,3256,94.2,2.8,21316
189.1,23.6,77.8,60.6,3.04,1,464,29.8,72.0,100.0,2478,100.0,1.0,28000
48.1,35.6,94.8,39.0,11.71,11,566,16.2,71.5,89.8,1426,92.7,4.6,21387
131.1,18.0,61.2,51.4,23.63,8,1728,11.1,72.0,100.0,3280,100.0,1.0,28000
63.5,42.0,63.5,26.2,18.61,3,548,6.7,72.0,89.0,428,99.8,5.3,20488
234.7,16.2,70.1,61.6,3.37,16,1200,25.1,72.0,100.0,5524,100.0,1.0,28000
168.3,40.1,95.2,42.5,1.87,4,1086,16.9,72.0,100.0,3115,100.0,1.0,28000
30.8,10.0,70.7,35.1,2.53,3,2189,25.1,22.7,50.4,5049,49.6,12.8,9057
209.8,24.3,93.0,23.3,25.66,13,1903,11.8,72.0,100.0,3855,100.0,1.0,28000
176.8,22.2,40.6,50.6,3.51,16,1984,16.5,72.0,100.0,5849,100.0,3.6,25085
100.8,41.1,52.5,23.1,3.36,12,170,25.1,54.4,73.7,537,81.4,7.6,16083
77.5,12.2,52.0,25.4,24.4,4,1442,7.5,57.6,78.5,1591,81.9,6.6,16272
29.4,21.3,33.4,34.7,9.37,4,2060,5.5,29.7,57.1,1165,60.9,11.2,8985
103.1,20.0,63.8,55.9,23.61,18,936,11.0,72.0,100.0,1814,100.0,1.0,28000
206.5,6.7,53.6,24.7,13.57,7,1482,26.0,72.0,96.2,6793,99.3,3.0,24629
111.5,27.4,61.0,52.5,0.17,17,824,19.5,69.2,80.9,2436,89.0,6.5,20129
157.1,33.0,59.8,44.6,14.86,12,1954,6.9,72.0,100.0,2346,100.0,1.0,28000
38.9,10.9,58.4,54.9,7.55,8,1722,9.5,49.0,64.3,2012,70.6,8.6,13736
115.7,38.3,44.9,32.9,3.18,9,780,21.5,62.1,72.9,2313,78.6,7.7,18005
89.1,5.5,93.1,57.9,24.86,13,635,9.5,72.0,100.0,934,100.0,1.0,28000
137.9,22.4,37.8,46.0,9.12,13,1026,30.1,69.6,86.7,4705,93.1,3.6,23884
37.0,23.8,76.8,26.5,13.56,8,1197,28.4,51.2,74.0,4614,76.1,7.2,16082
155.3,35.8,74.4,59.6,22.19,8,1096,18.8,72.0,100.0,3654,100.0,1.0,28000
209.4,18.2,90.2,37.7,7.53,3,1024,11.3,72.0,100.0,2058,100.0,1.0,28000
194.7,13.7,37.1,53.2,20.77,11,1790,28.4,72.0,100.0,9229,100.0,1.0,28000
199.9,31.8,61.0,23.1,2.6,15,617,2.6,72.0,91.1,293,96.4,2.1,22350
190.0,28.3,40.3,45.8,26.33,15,2019,28.3,72.0,100.0,10321,100.0,1.0,28000
104.0,18.3,56.1,55.4,1.07,1,996,29.3,59.3,84.5,4519,80.1,6.1,19167
80.9,6.5,55.5,59.9,2.9,14,1918,26.9,52.8,71.4,6512,80.1,9.0,16216
185.5,17.9,59.6,30.3,3.31,7,1773,7.8,65.2,89.6,2420,88.5,4.6,19155
150.3,28.2,37.5,40.8,27.3,13,929,23.5,72.0,100.0,3832,100.0,1.0,28000
75.5,38.4,95.8,59.6,16.95,2,81,10.0,72.0,100.0,103,100.0,1.0,28000
149.8,13.2,64.2,59.2,4.13,11,1833,6.7,72.0,92.6,1898,100.0,3.3,23898
224.1,14.0,88.1,46.5,7.75,11,1844,28.8,72.0,100.0,9664,100.0,1.0,28000
196.6,5.1,41.5,31.2,1.11,15,1847,5.9,56.7,78.8,1522,83.3,7.6,14713
49.2,31.1,41.5,36.0,1.21,6,2143,26.8,32.8,57.3,5808,64.9,9.9,12079
63.8,38.9,47.8,41.9,1.38,10,559,14.1,56.7,72.0,1156,71.7,6.9,14961
166.8,20.7,93.1,45.8,3.88,15,1390,30.4,72.0,100.0,7724,100.0,2.1,28000
85.8,34.1,79.6,43.9,3.05,9,789,9.6,65.8,87.6,1002,86.4,4.8,18828
164.1,40.2,41.9,33.9,20.74,10,597,13.1,72.0,100.0,1287,100.0,1.0,28000
154.1,6.5,59.0,36.7,2.56,3,225,17.6,56.3,78.1,615,78.8,9.1,15612
164.2,6.3,62.0,25.2,8.76,5,1290,27.3,58.1,77.2,4712,77.2,5.4,18008
116.4,6.7,74.3,44.7,1.09,3,2122,3.0,52.8,72.8,948,77.4,7.0,12946
176.4,15.2,78.3,52.3,22.72,11,826,8.7,72.0,100.0,1197,100.0,1.0,28000
109.9,3.5,74.0,40.4,18.59,16,1300,20.7,68.6,93.2,4583,94.5,4.1,21276
51.9,3.5,39.2,22.6,24.12,7,2030,21.6,45.5,63.3,5046,68.0,9.3,12490
124.6,21.5,33.4,28.6,2.84,16,1991,3.1,45.9,62.9,616,70.5,9.5,10875
47.1,36.1,59.6,38.6,16.41,18,1251,3.6,69.2,86.0,787,96.7,5.7,19562
74.9,5.4,33.2,45.1,7.87,14,1998,5.9,44.7,60.5,1263,61.9,9.8,10237
125.9,20.1,64.5,45.5,25.85,15,597,28.6,72.0,100.0,3040,100.0,1.0,28000
126.5,40.9,42.4,30.3,2.87,16,588,7.6,62.4,76.2,730,89.4,6.0,16945
144.7,42.0,55.0,32.4,5.3,17,190,26.3,72.0,91.8,716,99.9,3.0,25038
193.8,33.0,81.3,44.3,23.97,17,486,23.3,72.0,100.0,2021,100.0,1.0,28000
156.3,33.5,92.6,54.9,0.51,4,901,29.4,72.0,100.0,4744,100.0,1.0,28000
164.1,16.0,40.8,55.9,11.93,1,1064,27.1,72.0,100.0,5058,100.0,1.0,28000
160.3,12.6,80.2,43.2,4.29,14,1753,29.6,72.0,95.6,8935,98.0,5.0,23793
190.6,31.0,65.1,24.8,1.67,6,1837,4.3,72.0,95.1,1408,100.0,2.1,21390
178.4,28.8,65.3,33.8,19.22,18,1306,23.8,72.0,100.0,5725,100.0,1.0,28000
111.8,28.1,88.8,47.0,12.66,12,1716,25.4,72.0,100.0,7860,100.0,1.2,28000
136.9,24.1,45.7,42.5,1.43,6,155,3.3,62.0,82.7,0,86.5,7.0,16608
48.7,5.3,55.9,47.1,0.29,4,1898,11.3,26.0,52.2,2208,55.3,14.4,8166
217.3,27.5,66.1,45.8,1.21,5,1606,17.8,72.0,100.0,5178,100.0,1.0,28000
178.0,35.3,37.2,24.5,13.6,15,379,13.4,72.0,100.0,921,100.0,1.0,26335
116.0,20.2,91.6,41.6,23.15,5,2131,6.3,72.0,100.0,2498,100.0,1.0,28000
126.8,32.1,92.4,36.8,17.04,14,511,6.1,72.0,100.0,422,100.0,1.0,28000
129.5,33.9,41.1,45.6,3.59,10,943,7.9,67.1,91.1,1240,89.1,2.9,20168
91.6,20.6,53.6,37.1,23.43,5,627,17.4,72.0,93.5,1815,100.0,2.5,23893
167.9,19.0,46.9,37.8,26.85,15,1196,21.6,72.0,100.0,4678,100.0,1.0,28000
51.6,24.8,44.3,46.7,1.95,17,835,24.6,43.8,62.5,2374,66.5,11.4,13124
69.2,35.4,85.7,45.2,2.18,11,1705,19.9,67.4,82.6,4980,84.4,4.1,19559
107.1,6.5,94.7,43.7,0.81,3,691,11.6,52.4,70.3,1060,73.9,6.6,14201
108.8,15.5,58.4,35.0,3.33,4,272,8.5,50.1,69.0,284,72.4,8.9,12119
38.0,21.1,58.1,41.4,6.93,1,1162,18.8,45.1,64.5,2641,68.8,8.7,12961
120.9,36.0,64.0,53.3,2.21,6,1064,18.4,72.0,96.0,3363,97.7,2.2,25286
87.2,40.9,32.0,59.3,16.94,13,1499,27.4,72.0,100.0,7305,100.0,1.0,28000
44.3,30.2,85.2,51.0,24.65,7,2127,30.7,72.0,100.0,11690,100.0,1.0,28000
77.9,41.3,53.9,40.4,0.94,5,68,20.5,55.0,69.5,43,80.4,7.7,16969
109.5,6.2,88.1,48.1,25.05,15,565,12.9,72.0,100.0,1255,100.0,1.0,28000
26.8,21.0,91.9,39.8,0.18,9,1525,8.1,44.7,63.0,1524,59.9,12.2,10727
32.9,22.2,77.1,46.2,3.94,13,514,28.2,50.9,68.3,1802,73.0,9.1,15406
146.5,5.5,40.2,24.6,2.32,8,1183,8.2,35.0,58.9,1105,60.5,10.6,9741
122.6,39.6,73.0,59.7,3.76,14,1726,10.6,72.0,100.0,3237,100.0,1.0,28000
84.8,19.4,60.7,22.2,0.42,1,984,31.4,24.9,49.9,2675,50.4,12.1,10999
45.8,21.7,83.7,45.7,9.69,9,1072,5.7,60.3,75.9,656,82.0,7.2,16816
191.8,27.2,80.9,47.0,2.85,2,196,13.6,72.0,100.0,592,100.0,1.0,28000
156.3,19.8,38.5,24.2,3.41,13,452,20.7,55.5,69.1,1278,75.6,8.2,15214
117.0,27.2,38.5,48.0,1.21,17,1404,19.8,57.7,73.6,3768,83.8,7.5,18214
52.1,22.8,54.7,41.3,5.61,5,240,4.3,48.1,62.4,299,71.0,9.0,11831
191.7,8.7,51.8,35.7,0.13,5,294,9.5,61.7,82.9,238,82.2,7.8,17058
68.3,5.7,44.1,41.0,13.35,11,1434,20.7,46.6,63.8,3390,71.5,8.1,13306
25.8,11.7,46.7,47.0,2.96,11,1599,8.6,30.5,47.2,1113,49.7,11.2,7899
87.5,10.6,69.5,52.6,0.22,7,1223,7.6,53.7,73.8,1170,73.8,7.6,12962
206.2,38.5,33.3,49.1,3.17,4,1446,30.1,72.0,100.0,7958,100.0,1.0,28000
239.5,37.4,88.2,24.6,3.7,7,845,18.2,72.0,100.0,2740,100.0,1.0,28000
151.3,36.3,50.8,27.9,2.55,9,577,27.6,68.2,89.5,2449,84.6,5.2,21024
38.9,22.8,80.1,47.8,14.21,15,793,12.0,68.7,84.0,1525,90.5,4.2,19574
223.1,25.8,34.3,30.8,3.47,13,955,11.5,72.0,100.0,2151,100.0,2.3,24288
43.1,20.3,54.5,45.4,17.58,14,1907,16.3,65.2,80.1,4408,84.8,4.9,18334
163.8,17.0,37.3,55.7,18.2,9,992,5.4,72.0,100.0,844,100.0,1.0,28000
200.3,29.7,49.6,50.2,27.96,18,1129,2.8,72.0,100.0,682,100.0,1.0,28000
165.9,21.4,64.8,52.4,1.65,8,919,16.5,72.0,98.4,2788,100.0,1.9,25554
92.3,10.3,81.3,49.9,1.85,18,183,13.6,53.7,74.2,509,72.6,8.6,15663
98.1,19.3,75.9,38.1,15.28,11,155,19.2,69.1,83.7,639,99.5,4.2,22222
221.5,25.4,57.0,37.3,2.25,13,831,16.5,72.0,100.0,2523,100.0,1.0,28000
63.2,35.2,70.6,23.1,3.65,13,1222,8.6,48.2,61.7,1149,66.6,8.2,11745
220.6,18.3,95.3,27.2,20.94,13,905,6.3,72.0,100.0,1110,100.0,1.0,28000
151.3,22.6,75.8,33.0,0.66,3,1695,20.3,62.5,78.3,4877,86.1,5.7,18710
44.6,28.2,90.8,35.9,22.29,13,777,14.7,72.0,91.7,1858,100.0,3.1,24134
45.5,30.2,34.8,57.4,3.54,18,1255,22.2,58.0,68.7,3606,82.4,7.2,16881
51.1,17.4,80.3,42.2,11.78,6,1095,8.6,56.1,71.1,1260,82.8,6.8,15806
110.9,10.6,34.4,32.0,4.25,15,2045,16.1,33.1,51.9,3161,59.7,11.2,10502
59.7,35.7,70.8,29.1,2.99,6,377,22.3,48.8,60.8,896,67.3,9.7,14602
139.4,20.2,35.1,47.4,18.72,4,1659,22.9,72.0,100.0,6657,100.0,1.0,28000
220.4,10.8,33.0,23.1,3.3,3,963,30.8,65.6,76.6,4155,88.4,4.4,20361
200.4,15.6,72.1,47.0,11.36,14,554,9.4,72.0,100.0,743,100.0,1.0,28000
72.3,28.7,49.8,47.0,3.55,14,1295,25.1,59.1,73.4,4379,80.6,8.9,16890
79.2,6.7,52.8,47.2,3.71,5,1420,7.7,46.7,64.3,1456,66.4,9.0,10477
221.1,20.5,64.7,51.7,19.88,1,1012,3.1,72.0,100.0,459,100.0,1.0,28000
54.6,22.5,44.9,37.0,7.05,15,1406,6.5,37.6,59.4,792,68.1,10.0,11108
186.4,11.9,78.9,35.7,0.31,8,971,20.4,67.4,85.1,3011,86.7,5.8,20693
66.4,27.7,41.1,30.2,2.41,7,1027,17.5,30.8,54.6,1632,55.8,11.4,10545
90.2,25.5,93.9,30.1,13.73,12,1691,13.6,69.9,88.1,3690,93.0,3.2,21337
128.6,32.7,59.4,25.3,8.76,18,685,18.8,65.7,80.5,1788,87.2,5.3,20000
96.6,30.9,44.5,58.6,3.46,12,2072,14.4,70.3,87.9,4817,93.0,3.5,21654
40.3,37.5,95.5,27.0,4.96,14,1105,25.3,53.7,74.7,3842,77.3,7.6,15934
107.8,19.5,47.8,41.1,10.44,1,665,10.2,63.7,79.9,877,86.2,7.4,17805
27.7,33.1,73.2,58.7,2.39,3,2183,29.3,61.3,85.7,9837,87.8,5.9,20101
215.6,25.9,79.0,52.1,24.41,4,1470,26.5,72.0,100.0,7111,100.0,1.0,28000
130.7,6.8,81.5,38.7,8.43,14,758,7.7,61.4,77.7,810,86.3,4.6,17645
70.7,10.8,80.0,54.4,3.93,14,1865,21.0,59.6,76.3,5245,77.2,6.9,16653
98.6,25.8,62.6,48.9,0.34,1,231,5.4,57.1,78.0,216,87.1,7.4,16308
126.7,16.1,59.5,36.8,27.98,8,1539,22.1,72.0,100.0,6064,100.0,1.0,28000
175.1,31.3,88.8,27.6,24.4,9,1078,13.4,72.0,100.0,2590,100.0,1.0,28000
230.9,34.7,33.1,36.4,3.25,11,1879,9.4,72.0,100.0,3296,100.0,1.0,28000
127.4,28.7,76.8,26.0,2.47,5,2190,28.3,60.9,80.6,8804,81.7,5.5,18779
239.2,41.5,61.9,57.9,13.76,18,1046,9.7,72.0,100.0,1906,100.0,1.0,28000
224.7,15.7,56.5,33.2,18.81,4,616,29.7,72.0,100.0,3411,100.0,1.0,28000
223.6,5.5,54.0,58.4,20.44,18,1849,26.3,72.0,100.0,8588,100.0,1.0,28000
185.1,7.5,55.5,56.1,16.37,1,1333,4.3,72.0,100.0,1223,100.0,1.0,28000
196.3,23.3,70.5,30.9,2.2,15,1354,6.8,72.0,99.9,1655,99.7,3.2,22330
168.1,34.3,77.0,46.0,3.96,4,1180,31.9,72.0,100.0,6907,100.0,1.0,28000
235.9,16.0,85.0,30.4,22.79,2,793,27.8,72.0,100.0,4094,100.0,1.0,28000
109.3,19.5,62.3,35.9,0.38,10,1216,23.0,52.0,62.6,3108,66.4,10.0,14308
198.1,36.1,77.4,40.3,0.64,16,1252,29.0,72.0,100.0,6413,100.0,1.0,28000
46.9,33.6,86.9,37.1,19.18,6,290,5.3,72.0,100.0,97,100.0,3.2,22741
233.5,27.5,57.9,23.4,2.01,6,1597,25.4,72.0,100.0,7137,100.0,2.4,27489
161.0,20.4,32.7,26.7,2.6,17,981,3.2,54.5,72.0,316,77.7,9.0,13184
129.1,28.1,59.8,44.9,0.35,18,817,14.5,64.8,85.8,1956,91.1,5.5,18766
205.0,24.0,84.4,48.1,6.21,4,800,27.9,72.0,100.0,3996,100.0,1.0,28000
165.3,6.4,48.4,52.1,0.59,10,1549,31.0,67.1,78.2,6822,84.5,4.3,21014
219.5,14.4,66.2,27.6,9.11,12,2151,8.7,72.0,97.5,3179,100.0,1.0,26418
230.8,26.5,45.8,36.4,2.53,3,1104,10.2,72.0,100.0,2009,100.0,1.0,28000
55.8,10.9,72.3,32.8,18.25,12,2154,20.3,54.1,72.5,5903,77.1,6.2,16346
41.7,7.9,39.0,43.9,2.6,12,1426,25.5,26.1,42.4,2684,45.3,15.0,8939
229.6,33.5,39.9,43.1,16.69,16,451,18.1,72.0,100.0,1489,100.0,1.0,28000
228.5,18.2,54.1,51.7,15.12,13,2013,20.0,72.0,100.0,7332,100.0,1.0,28000
82.5,38.8,72.9,36.8,19.15,14,1935,7.9,72.0,100.0,2752,100.0,1.0,26552
214.5,34.7,51.5,56.3,11.68,11,429,21.2,72.0,100.0,1474,100.0,1.0,28000
224.9,34.5,32.7,59.9,26.14,5,2024,17.2,72.0,100.0,6279,100.0,1.0,28000
203.8,3.3,59.2,43.4,3.98,17,233,20.4,72.0,97.6,987,97.7,2.6,22871
205.5,23.0,93.0,38.9,1.56,4,1444,29.5,72.0,100.0,7774,100.0,1.0,28000
70.8,31.8,68.4,30.7,3.74,17,205,30.1,53.4,72.7,630,67.0,8.7,15478
48.0,16.6,78.2,38.1,1.78,7,407,18.1,42.1,62.4,992,56.1,11.9,10906
126.2,17.6,55.3,57.7,7.91,15,1859,7.3,72.0,93.8,2234,100.0,1.7,22857
33.7,18.4,79.6,58.0,0.88,16,1148,6.0,54.0,70.9,951,71.5,8.9,13989
111.0,31.3,79.5,55.0,3.83,1,576,7.1,72.0,98.8,621,100.0,1.4,24819
183.5,19.9,50.5,41.4,7.31,5,2154,8.0,72.0,95.6,2870,100.0,2.5,24272
126.9,33.5,38.6,51.2,5.69,5,999,6.1,72.0,93.0,896,96.1,1.5,22123
210.8,17.8,65.6,50.0,6.6,14,2022,4.3,72.0,100.0,1409,100.0,1.0,28000
78.1,37.9,43.6,22.0,9.35,10,1993,10.8,53.0,71.6,2674,74.4,7.8,13792
168.8,29.6,81.3,27.2,3.26,17,1582,9.5,72.0,89.7,2261,93.9,3.7,22141
33.8,40.8,88.6,54.7,1.84,4,366,30.3,67.9,88.6,1758,94.9,4.6,22202
52.5,19.3,77.5,57.7,23.77,18,1482,28.9,72.0,100.0,7873,100.0,1.0,28000
133.3,3.9,70.3,49.9,0.28,2,839,24.4,58.2,73.2,2845,83.6,6.3,17318
107.6,33.4,57.7,32.9,0.72,7,96,28.4,55.1,76.0,456,77.0,7.2,16706
177.3,24.5,43.0,23.8,0.25,5,1197,29.9,60.1,73.0,4759,77.7,8.0,18261
25.3,16.6,70.7,36.8,2.85,18,1141,23.8,29.1,51.0,2422,50.7,13.3,10575
72.1,40.6,43.3,60.9,27.42,4,1624,30.4,72.0,100.0,8928,100.0,1.0,28000
68.8,27.6,86.9,37.8,20.57,14,1569,6.9,72.0,97.9,1891,100.0,1.1,24194
227.8,10.0,50.1,34.4,22.98,7,344,6.7,72.0,100.0,472,100.0,1.0,28000
186.3,3.5,38.4,37.4,0.15,2,601,9.8,52.8,67.1,762,71.5,9.3,14930
47.9,31.7,53.7,50.3,1.97,15,728,11.6,52.9,71.3,1101,73.4,8.1,14209
34.6,24.2,38.6,57.5,0.53,8,158,9.2,47.4,63.1,79,72.5,10.1,12190
178.7,38.2,63.5,61.6,3.83,10,1523,4.8,72.0,100.0,1485,100.0,1.0,28000
117.2,16.1,43.6,39.0,19.4,10,1486,28.3,72.0,88.0,6608,93.8,4.9,23889
194.6,36.6,94.6,53.1,0.68,15,2019,26.5,72.0,100.0,9721,100.0,1.0,28000
190.0,16.8,63.6,41.3,17.05,11,626,26.2,72.0,100.0,2919,100.0,1.0,28000
201.6,18.0,69.2,38.9,19.57,8,417,9.4,72.0,100.0,512,100.0,1.0,28000
37.8,16.6,86.3,56.7,8.6,5,1784,9.7,61.6,86.1,2537,91.6,6.2,17992
30.7,40.6,55.8,50.1,2.53,6,183,6.8,56.5,71.2,0,83.2,6.9,15565
126.0,8.5,65.8,60.0,20.37,15,114,11.0,72.0,100.0,38,100.0,1.0,28000
204.0,29.5,88.1,44.2,25.78,17,1313,23.4,72.0,100.0,5719,100.0,1.0,28000
